id;first_name;middle_name;last_name;like_to_be_called;birth_date;photo;photo_content_type;cell_phone;home_phone;email;street;city;state;zip;institute_id
1;Manuel;Borders;O'Connell;circuit Intelligent;2021-09-19;../fake-data/blob/hipster.png;image/png;olive;Soft Steel quantifying;Audreanne.Emard42@hotmail.com;Albertha Port;North Clara;Guyana open-source Pizza;Forward deliver;1
2;Icie;eco-centric bypass;Ernser;solutions;2021-09-19;../fake-data/blob/hipster.png;image/png;Branding customer Delaware;Bedfordshire;Milan.Osinski@yahoo.com;Paucek Underpass;Gutkowskifurt;Account Kansas;Buckinghamshire;2
3;Naomie;optical;Padberg;Executive;2021-09-19;../fake-data/blob/hipster.png;image/png;International Soft;Fresh;Marc.Aufderhar96@yahoo.com;Funk Manors;South Tadberg;capacitor;architectures Saint Tasty;3
4;Jaylon;primary;MacGyver;orchid;2021-09-18;../fake-data/blob/hipster.png;image/png;Route;Shirt;Erich59@gmail.com;Marquardt Route;Veronahaven;sensor;Senior auxiliary Soap;4
5;Nicolette;Martinique;Bernier;Lesotho gold payment;2021-09-19;../fake-data/blob/hipster.png;image/png;Gabon Licensed;Account Object-based;Joshua1@yahoo.com;Nicolas Rapid;East Meggie;web-readiness Senior circuit;Village Baby Handmade;5
6;Douglas;Chair calculate driver;Beahan;Balanced Frozen index;2021-09-18;../fake-data/blob/hipster.png;image/png;hacking;Generic up;Mallie_Nikolaus@yahoo.com;Angel Knolls;Jodyport;visualize Kwacha Communications;Sleek;6
7;Jazlyn;firewall;Bernier;Dynamic;2021-09-19;../fake-data/blob/hipster.png;image/png;Wooden;open-source;Gaylord41@hotmail.com;Annabelle Estates;West Eleanorastad;Administrator Garden enhance;Buckinghamshire Gloves;7
8;Raquel;Beauty virtual mobile;Shields;utilisation Awesome;2021-09-18;../fake-data/blob/hipster.png;image/png;Kansas Account Iceland;Tuna;Makenzie_Pacocha68@yahoo.com;Wilkinson Mission;Rochester Hills;lavender backing withdrawal;CSS;8
9;Dewitt;bluetooth deposit;Roberts;next-generation 3rd background;2021-09-19;../fake-data/blob/hipster.png;image/png;AI;Forward program architect;Brice.Schaefer@hotmail.com;Schamberger Crescent;Shyanneberg;enterprise monitor orange;copying Designer;9
10;Kristian;magenta content-based Wyoming;Jacobson;program;2021-09-18;../fake-data/blob/hipster.png;image/png;Table Barbados Intuitive;Cayman;Nasir_Gutkowski87@yahoo.com;Vella Island;North Hailee;Rustic Dollar) COM;out-of-the-box Tobago;10
